{
  "head": {
    "docType": "4",
    "editorVersion": "6.5.47",
    "x": 400,
    "y": 300,
    "c_para": {
      "pre": "U?",
      "sourceId": "VJigCAyUf",
      "timeStamp": "1471690389",
      "package": "JRC-21F 4100",
      "link": "",
      "Contributor": "spspider95"
    },
    "uuid": "6b1cc976e4ea47d59753e6008c22fa80",
    "utime": 1729279020,
    "importFlag": 0,
    "transformList": "",
    "uuid_3d": "",
    "hasIdFlag": true
  },
  "canvas": "CA~1000~1000~black~yes~#ffffff~10~1000~1000~line~1~mil~1~45~visible~0.5~400~300~0~yes",
  "shape": [
    "TRACK~1~3~~456 307 456 263~gge37~0",
    "TRACK~1~3~~394 307 394 263~gge38~0",
    "TRACK~1~3~~394 307 456 307~gge39~0",
    "TRACK~1~3~~394 263 456 263~gge40~0",
    "PAD~ELLIPSE~400~300~7~7~11~~1~2~~0~gge15~0~~Y~0~0~0.2~400,300",
    "PAD~ELLIPSE~400~270~7~7~11~~12~2~~0~gge18~0~~Y~0~0~0.2~400,270",
    "PAD~ELLIPSE~440~300~7~7~11~~5~2~~0~gge21~0~~Y~0~0~0.2~440,300",
    "PAD~ELLIPSE~450~300~7~7~11~~6~2~~0~gge24~0~~Y~0~0~0.2~450,300",
    "PAD~ELLIPSE~450~270~7~7~11~~7~2~~0~gge27~0~~Y~0~0~0.2~450,270",
    "PAD~ELLIPSE~440~270~7~7~11~~8~2~~0~gge30~0~~Y~0~0~0.2~440,270"
  ],
  "layers": [
    "1~topLayer~#FF0000~true~true~true~",
    "2~bottomLayer~#0000FF~true~false~true~",
    "3~topSilkLayer~#FFFF00~true~false~true~",
    "4~bottomSilkLayer~#808000~true~false~true~",
    "5~topPasterLayer~#808080~true~false~true~",
    "6~bottomPasterLayer~#800000~true~false~true~",
    "7~topSolderLayer~#800080~true~false~true~",
    "8~bottomSolderLayer~#AA00FF~true~false~true~",
    "9~Ratlines~#6464FF~false~false~false~",
    "10~BoardOutLine~#FF00FF~false~false~false~",
    "11~all~#C0C0C0~true~false~true~",
    "12~document~#FFFFFF~true~false~true~",
    "13~TopAssembly~#33CC99~false~false~false~",
    "14~BottomAssembly~#5555FF~false~false~false~",
    "15~Mechanical~#F022F0~false~false~false~",
    "19~3DModel~#66CCFF~false~false~false~",
    "21~Inner1~#999966~false~false~false~~",
    "22~Inner2~#008000~false~false~false~~",
    "23~Inner3~#00FF00~false~false~false~~",
    "24~Inner4~#BC8E00~false~false~false~~",
    "25~Inner5~#70DBFA~false~false~false~~",
    "26~Inner6~#00CC66~false~false~false~~",
    "27~Inner7~#9966FF~false~false~false~~",
    "28~Inner8~#800080~false~false~false~~",
    "29~Inner9~#008080~false~false~false~~",
    "30~Inner10~#15935F~false~false~false~~",
    "31~Inner11~#000080~false~false~false~~",
    "32~Inner12~#00B400~false~false~false~~",
    "33~Inner13~#2E4756~false~false~false~~",
    "34~Inner14~#99842F~false~false~false~~",
    "35~Inner15~#FFFFAA~false~false~false~~",
    "36~Inner16~#99842F~false~false~false~~",
    "37~Inner17~#2E4756~false~false~false~~",
    "38~Inner18~#3535FF~false~false~false~~",
    "39~Inner19~#8000BC~false~false~false~~",
    "40~Inner20~#43AE5F~false~false~false~~",
    "41~Inner21~#C3ECCE~false~false~false~~",
    "42~Inner22~#728978~false~false~false~~",
    "43~Inner23~#39503F~false~false~false~~",
    "44~Inner24~#0C715D~false~false~false~~",
    "45~Inner25~#5A8A80~false~false~false~~",
    "46~Inner26~#2B937E~false~false~false~~",
    "47~Inner27~#23999D~false~false~false~~",
    "48~Inner28~#45B4E3~false~false~false~~",
    "49~Inner29~#215DA1~false~false~false~~",
    "50~Inner30~#4564D7~false~false~false~~",
    "51~Inner31~#6969E9~false~false~false~~",
    "52~Inner32~#9069E9~false~false~false~~",
    "99~ComponentShapeLayer~#00CCCC~false~false~false~0.4",
    "100~LeadShapeLayer~#CC9999~false~false~false~",
    "101~ComponentMarkingLayer~#66FFCC~false~false~false~",
    "Hole~Hole~#C8EBEB~false~false~true~",
    "DRCError~DRCError~#00FF00~false~false~true~"
  ],
  "objects": [
    "All~true~false",
    "Component~true~true",
    "Prefix~true~true",
    "Name~true~false",
    "Track~true~true",
    "Pad~true~true",
    "Via~true~true",
    "Hole~true~true",
    "Copper_Area~true~true",
    "Circle~true~true",
    "Arc~true~true",
    "Solid_Region~true~true",
    "Text~true~true",
    "Image~true~true",
    "Rect~true~true",
    "Dimension~true~true",
    "Protractor~true~true"
  ],
  "BBox": {
    "x": 394,
    "y": 263,
    "width": 62,
    "height": 44
  },
  "netColors": {}
}